-- MySQL dump 10.13  Distrib 5.7.31, for Linux (x86_64)
--
-- Host: localhost    Database: asteroidsV1
-- ------------------------------------------------------
-- Server version	5.7.31-0ubuntu0.18.04.1

/*!40101 SET @OLD_CHARACTER_SET_CLIENT=@@CHARACTER_SET_CLIENT */;
/*!40101 SET @OLD_CHARACTER_SET_RESULTS=@@CHARACTER_SET_RESULTS */;
/*!40101 SET @OLD_COLLATION_CONNECTION=@@COLLATION_CONNECTION */;
/*!40101 SET NAMES utf8 */;
/*!40103 SET @OLD_TIME_ZONE=@@TIME_ZONE */;
/*!40103 SET TIME_ZONE='+00:00' */;
/*!40014 SET @OLD_UNIQUE_CHECKS=@@UNIQUE_CHECKS, UNIQUE_CHECKS=0 */;
/*!40014 SET @OLD_FOREIGN_KEY_CHECKS=@@FOREIGN_KEY_CHECKS, FOREIGN_KEY_CHECKS=0 */;
/*!40101 SET @OLD_SQL_MODE=@@SQL_MODE, SQL_MODE='NO_AUTO_VALUE_ON_ZERO' */;
/*!40111 SET @OLD_SQL_NOTES=@@SQL_NOTES, SQL_NOTES=0 */;

--
-- Table structure for table `Device`
--

DROP TABLE IF EXISTS `Device`;
/*!40101 SET @saved_cs_client     = @@character_set_client */;
/*!40101 SET character_set_client = utf8 */;
CREATE TABLE `Device` (
  `ip` varchar(15) NOT NULL,
  `device_type` varchar(40) DEFAULT 'unknown Device',
  PRIMARY KEY (`ip`)
) ENGINE=InnoDB DEFAULT CHARSET=latin1;
/*!40101 SET character_set_client = @saved_cs_client */;

--
-- Dumping data for table `Device`
--

LOCK TABLES `Device` WRITE;
/*!40000 ALTER TABLE `Device` DISABLE KEYS */;
INSERT INTO `Device` VALUES ('123.123.123.123','test Device'),('192.168.43.14','unknown device'),('localhost','unknown device');
/*!40000 ALTER TABLE `Device` ENABLE KEYS */;
UNLOCK TABLES;

--
-- Table structure for table `Game`
--

DROP TABLE IF EXISTS `Game`;
/*!40101 SET @saved_cs_client     = @@character_set_client */;
/*!40101 SET character_set_client = utf8 */;
CREATE TABLE `Game` (
  `idGame` int(10) unsigned NOT NULL AUTO_INCREMENT,
  `login_timestamp` varchar(30) DEFAULT NULL,
  `game_start` varchar(30) DEFAULT NULL,
  `game_end` varchar(30) DEFAULT NULL,
  `highscore` int(10) unsigned DEFAULT NULL,
  `shoots` int(10) unsigned DEFAULT NULL,
  `hits` int(10) unsigned DEFAULT NULL,
  `items` int(10) unsigned DEFAULT NULL,
  `time_played` time DEFAULT NULL,
  PRIMARY KEY (`idGame`)
) ENGINE=InnoDB AUTO_INCREMENT=12 DEFAULT CHARSET=latin1;
/*!40101 SET character_set_client = @saved_cs_client */;

--
-- Dumping data for table `Game`
--

LOCK TABLES `Game` WRITE;
/*!40000 ALTER TABLE `Game` DISABLE KEYS */;
INSERT INTO `Game` VALUES (1,'2020-05-26 17:43:15.517','2020-05-26 17:43:16.813','2020-05-26 17:43:23.44',0,3,0,0,'00:00:07'),(2,'2020-05-26 17:43:40.692','2020-05-26 17:43:42.061','2020-05-26 17:44:03.16',397,13,5,1,'00:00:21'),(3,'2020-05-26 17:59:47.358','2020-05-26 17:59:51.862','2020-05-26 18:00:32.696',656,27,9,2,'00:00:41'),(4,'2020-05-26 17:59:47.358','2020-05-26 18:01:07.564','2020-05-26 18:02:18.558',1385,44,13,3,'00:01:11'),(5,'2020-05-26 17:59:47.358','2020-05-26 18:04:08.533','2020-05-26 18:04:24.006',0,0,0,0,'00:00:15'),(6,'2020-05-26 18:55:31.813','2020-05-26 18:55:35.018','2020-05-26 18:55:40.03',1,3,42,4,'00:00:05'),(7,'2020-05-26 19:44:27.524','2020-05-26 19:44:27.535','2020-05-26 19:44:32.542',2,2,2,2,'00:00:05'),(8,'2020-07-21 17:21:42.719','2020-07-21 17:21:49.569','2020-07-21 17:22:03.365',0,0,0,0,'00:00:14'),(9,'2020-07-21 17:24:23.53','2020-07-21 17:24:38.156','2020-07-21 17:24:44.712',0,0,0,0,'00:00:07'),(10,'2020-07-24 15:15:48.619','2020-07-24 15:21:20.586','2020-07-24 15:22:40.279',1951,61,23,4,'00:01:20'),(11,'2020-07-24 15:25:22.93','2020-07-24 15:25:36.971','2020-07-24 15:25:49.435',0,0,0,0,'00:00:12');
/*!40000 ALTER TABLE `Game` ENABLE KEYS */;
UNLOCK TABLES;

--
-- Table structure for table `GameHasDevice`
--

DROP TABLE IF EXISTS `GameHasDevice`;
/*!40101 SET @saved_cs_client     = @@character_set_client */;
/*!40101 SET character_set_client = utf8 */;
CREATE TABLE `GameHasDevice` (
  `id` mediumint(9) DEFAULT NULL,
  `idGame` mediumint(9) NOT NULL,
  `ip_address` varchar(15) DEFAULT NULL,
  KEY `id` (`id`)
) ENGINE=InnoDB DEFAULT CHARSET=latin1;
/*!40101 SET character_set_client = @saved_cs_client */;

--
-- Dumping data for table `GameHasDevice`
--

LOCK TABLES `GameHasDevice` WRITE;
/*!40000 ALTER TABLE `GameHasDevice` DISABLE KEYS */;
INSERT INTO `GameHasDevice` VALUES (5,1,'192.168.43.14'),(5,2,'192.168.43.14'),(5,3,'192.168.43.14'),(5,4,'192.168.43.14'),(5,5,'192.168.43.14'),(1,6,'localhost'),(1,7,'localhost'),(7,8,'192.168.43.14'),(5,9,'192.168.43.14'),(1,10,'192.168.43.14'),(5,11,'192.168.43.14');
/*!40000 ALTER TABLE `GameHasDevice` ENABLE KEYS */;
UNLOCK TABLES;

--
-- Table structure for table `Player`
--

DROP TABLE IF EXISTS `Player`;
/*!40101 SET @saved_cs_client     = @@character_set_client */;
/*!40101 SET character_set_client = utf8 */;
CREATE TABLE `Player` (
  `id` mediumint(9) NOT NULL AUTO_INCREMENT,
  `account` varchar(20) NOT NULL,
  `email` varchar(40) NOT NULL,
  `password` varchar(20) NOT NULL,
  PRIMARY KEY (`id`),
  UNIQUE KEY `account` (`account`),
  UNIQUE KEY `email` (`email`)
) ENGINE=InnoDB AUTO_INCREMENT=10 DEFAULT CHARSET=latin1;
/*!40101 SET character_set_client = @saved_cs_client */;

--
-- Dumping data for table `Player`
--

LOCK TABLES `Player` WRITE;
/*!40000 ALTER TABLE `Player` DISABLE KEYS */;
INSERT INTO `Player` VALUES (1,'testPlayer','testEmail@test.de','1234'),(3,'testPlayer2','testEmail2@test.de','1234'),(4,'PlayerTESTTHGA','EmailTHGA@web.de','1234'),(5,'rami','rami@web.de','1234'),(6,'test1234','testEmail@web.de','test1234'),(7,'','',''),(8,'testFeat','testFeat@tes.de','1234'),(9,'tudfs','register@ewr.de','1234');
/*!40000 ALTER TABLE `Player` ENABLE KEYS */;
UNLOCK TABLES;

--
-- Table structure for table `PlayerHasDevice`
--

DROP TABLE IF EXISTS `PlayerHasDevice`;
/*!40101 SET @saved_cs_client     = @@character_set_client */;
/*!40101 SET character_set_client = utf8 */;
CREATE TABLE `PlayerHasDevice` (
  `id` mediumint(9) NOT NULL,
  `ip` varchar(15) NOT NULL,
  `loginTime` varchar(30) DEFAULT NULL,
  `logoutTime` varchar(30) DEFAULT NULL
) ENGINE=InnoDB DEFAULT CHARSET=latin1;
/*!40101 SET character_set_client = @saved_cs_client */;

--
-- Dumping data for table `PlayerHasDevice`
--

LOCK TABLES `PlayerHasDevice` WRITE;
/*!40000 ALTER TABLE `PlayerHasDevice` DISABLE KEYS */;
INSERT INTO `PlayerHasDevice` VALUES (1,'localhost','2020-04-21 19:51:09.812','2020-07-24 15:48:15.861'),(3,'localhost','2020-04-23 14:59:57.998','2020-05-26 17:40:23.669'),(3,'localhost','2020-04-23 15:01:16.865','2020-05-26 17:40:23.669'),(3,'localhost','2020-04-23 15:02:44.763','2020-05-26 17:40:23.669'),(3,'localhost','2020-04-23 15:05:26.766','2020-05-26 17:40:23.669'),(1,'localhost','2020-04-23 18:05:59.675','2020-07-24 15:48:15.861'),(1,'localhost','2020-04-23 18:11:54.146','2020-07-24 15:48:15.861'),(1,'localhost','2020-04-23 18:17:32.681','2020-07-24 15:48:15.861'),(1,'localhost','2020-04-23 18:18:04.875','2020-07-24 15:48:15.861'),(1,'localhost','2020-04-24 16:50:11.737','2020-07-24 15:48:15.861'),(1,'localhost','2020-05-19 20:17:24.494','2020-07-24 15:48:15.861'),(1,'localhost','2020-05-19 20:18:40.537','2020-07-24 15:48:15.861'),(1,'localhost','2020-05-19 20:20:22.515','2020-07-24 15:48:15.861'),(1,'localhost','2020-05-19 20:59:40.681','2020-07-24 15:48:15.861'),(1,'localhost','2020-05-19 21:02:09.648','2020-07-24 15:48:15.861'),(1,'localhost','2020-05-19 21:04:56.554','2020-07-24 15:48:15.861'),(1,'localhost','2020-05-19 21:05:48.004','2020-07-24 15:48:15.861'),(1,'localhost','2020-05-19 21:07:47.966','2020-07-24 15:48:15.861'),(1,'localhost','2020-05-19 21:08:59.062','2020-07-24 15:48:15.861'),(1,'localhost','2020-05-19 21:09:59.185','2020-07-24 15:48:15.861'),(1,'localhost','2020-05-19 21:11:12.51','2020-07-24 15:48:15.861'),(1,'localhost','2020-05-19 21:11:53.05','2020-07-24 15:48:15.861'),(1,'localhost','2020-05-19 21:17:03.445','2020-07-24 15:48:15.861'),(1,'localhost','2020-05-19 21:31:06.873','2020-07-24 15:48:15.861'),(1,'localhost','2020-05-19 21:33:04.112','2020-07-24 15:48:15.861'),(1,'localhost','2020-05-19 21:39:45.605','2020-07-24 15:48:15.861'),(1,'localhost','2020-05-19 21:40:57.349','2020-07-24 15:48:15.861'),(1,'localhost','2020-05-19 21:41:45.01','2020-07-24 15:48:15.861'),(1,'localhost','2020-05-19 21:42:15.785','2020-07-24 15:48:15.861'),(1,'localhost','2020-05-19 21:42:36.852','2020-07-24 15:48:15.861'),(1,'localhost','2020-05-19 21:42:48.889','2020-07-24 15:48:15.861'),(1,'localhost','2020-05-19 21:43:45.162','2020-07-24 15:48:15.861'),(1,'localhost','2020-05-19 21:43:55.326','2020-07-24 15:48:15.861'),(1,'localhost','2020-05-19 21:44:44.939','2020-07-24 15:48:15.861'),(1,'localhost','2020-05-19 21:46:40.546','2020-07-24 15:48:15.861'),(1,'localhost','2020-05-19 21:46:59.164','2020-07-24 15:48:15.861'),(1,'localhost','2020-05-19 21:47:24.936','2020-07-24 15:48:15.861'),(1,'localhost','2020-05-19 21:47:38.193','2020-07-24 15:48:15.861'),(1,'localhost','2020-05-19 21:48:54.922','2020-07-24 15:48:15.861'),(1,'localhost','2020-05-19 21:49:04.993','2020-07-24 15:48:15.861'),(1,'localhost','2020-05-19 21:49:53.27','2020-07-24 15:48:15.861'),(1,'localhost','2020-05-19 21:51:35.146','2020-07-24 15:48:15.861'),(1,'localhost','2020-05-19 21:52:58.498','2020-07-24 15:48:15.861'),(1,'localhost','2020-05-19 21:53:23.075','2020-07-24 15:48:15.861'),(1,'localhost','2020-05-19 21:54:10.434','2020-07-24 15:48:15.861'),(1,'localhost','2020-05-19 21:54:21.395','2020-07-24 15:48:15.861'),(1,'localhost','2020-05-19 21:54:52.451','2020-07-24 15:48:15.861'),(1,'localhost','2020-05-19 21:55:46.854','2020-07-24 15:48:15.861'),(1,'localhost','2020-05-19 21:55:54.95','2020-07-24 15:48:15.861'),(1,'localhost','2020-05-19 21:56:46.394','2020-07-24 15:48:15.861'),(1,'localhost','2020-05-19 21:57:03.993','2020-07-24 15:48:15.861'),(1,'localhost','2020-05-19 21:57:50.373','2020-07-24 15:48:15.861'),(1,'localhost','2020-05-19 21:59:43.613','2020-07-24 15:48:15.861'),(1,'localhost','2020-05-19 21:59:50.486','2020-07-24 15:48:15.861'),(1,'localhost','2020-05-19 22:00:56.805','2020-07-24 15:48:15.861'),(1,'localhost','2020-05-19 22:01:45.35','2020-07-24 15:48:15.861'),(1,'localhost','2020-05-19 22:03:28.384','2020-07-24 15:48:15.861'),(1,'localhost','2020-05-19 22:05:28.995','2020-07-24 15:48:15.861'),(1,'localhost','2020-05-19 22:09:13.591','2020-07-24 15:48:15.861'),(1,'localhost','2020-05-19 22:10:24.165','2020-07-24 15:48:15.861'),(1,'localhost','2020-05-19 22:12:30.843','2020-07-24 15:48:15.861'),(1,'localhost','2020-05-19 22:13:07.277','2020-07-24 15:48:15.861'),(1,'localhost','2020-05-19 22:13:22.589','2020-07-24 15:48:15.861'),(1,'localhost','2020-05-19 22:13:32.852','2020-07-24 15:48:15.861'),(1,'localhost','2020-05-19 22:21:47.539','2020-07-24 15:48:15.861'),(1,'localhost','2020-05-19 22:24:24.099','2020-07-24 15:48:15.861'),(1,'localhost','2020-05-19 22:26:38.57','2020-07-24 15:48:15.861'),(1,'localhost','2020-05-20 15:37:53.627','2020-07-24 15:48:15.861'),(3,'localhost','2020-05-20 16:17:35.688','2020-05-26 17:40:23.669'),(3,'localhost','2020-05-20 16:26:24.405','2020-05-26 17:40:23.669'),(3,'localhost','2020-05-20 16:26:40.622','2020-05-26 17:40:23.669'),(3,'localhost','2020-05-20 16:30:12.701','2020-05-26 17:40:23.669'),(3,'localhost','2020-05-20 16:34:05.951','2020-05-26 17:40:23.669'),(3,'localhost','2020-05-20 20:16:40.897','2020-05-26 17:40:23.669'),(3,'localhost','2020-05-20 20:18:56.79','2020-05-26 17:40:23.669'),(3,'localhost','2020-05-20 20:20:00.33','2020-05-26 17:40:23.669'),(3,'192.168.43.14','2020-05-22 12:34:56.026','2020-05-26 17:40:23.669'),(3,'192.168.43.14','2020-05-22 12:35:40.306','2020-05-26 17:40:23.669'),(3,'192.168.43.14','2020-05-22 12:36:15.585','2020-05-26 17:40:23.669'),(3,'192.168.43.14','2020-05-22 12:36:51.719','2020-05-26 17:40:23.669'),(3,'192.168.43.14','2020-05-22 12:37:14.509','2020-05-26 17:40:23.669'),(3,'192.168.43.14','2020-05-22 12:38:46.898','2020-05-26 17:40:23.669'),(3,'192.168.43.14','2020-05-22 12:39:49.13','2020-05-26 17:40:23.669'),(3,'192.168.43.14','2020-05-22 12:40:00.493','2020-05-26 17:40:23.669'),(3,'192.168.43.14','2020-05-22 12:43:10.77','2020-05-26 17:40:23.669'),(3,'192.168.43.14','2020-05-22 12:44:35.386','2020-05-26 17:40:23.669'),(3,'192.168.43.14','2020-05-22 12:44:42.128','2020-05-26 17:40:23.669'),(3,'192.168.43.14','2020-05-22 12:49:35.835','2020-05-26 17:40:23.669'),(3,'192.168.43.14','2020-05-22 12:51:57.755','2020-05-26 17:40:23.669'),(3,'localhost','2020-05-22 12:56:54.005','2020-05-26 17:40:23.669'),(3,'localhost','2020-05-22 12:59:22.316','2020-05-26 17:40:23.669'),(3,'192.168.43.14','2020-05-22 13:05:32.032','2020-05-26 17:40:23.669'),(3,'192.168.43.14','2020-05-22 13:07:08.326','2020-05-26 17:40:23.669'),(3,'192.168.43.14','2020-05-22 13:11:37.879','2020-05-26 17:40:23.669'),(3,'192.168.43.14','2020-05-22 13:12:47.07','2020-05-26 17:40:23.669'),(3,'192.168.43.14','2020-05-22 13:18:21.086','2020-05-26 17:40:23.669'),(5,'192.168.43.14','2020-05-22 13:20:05.663','2020-07-24 15:51:40.547'),(6,'192.168.43.14','2020-05-22 13:27:30.597','2020-05-22 13:29:51.898'),(6,'192.168.43.14','2020-05-22 13:29:46.906','2020-05-22 13:29:51.898'),(1,'192.168.43.14','2020-05-22 13:31:56.286','2020-07-24 15:48:15.861'),(3,'192.168.43.14','2020-05-22 13:35:47.164','2020-05-26 17:40:23.669'),(3,'192.168.43.14','2020-05-22 13:39:43.805','2020-05-26 17:40:23.669'),(5,'192.168.43.14','2020-05-22 13:39:49.08','2020-07-24 15:51:40.547'),(5,'192.168.43.14','2020-05-22 13:39:56.25','2020-07-24 15:51:40.547'),(5,'192.168.43.14','2020-05-22 13:40:03.424','2020-07-24 15:51:40.547'),(5,'192.168.43.14','2020-05-22 13:40:12.126','2020-07-24 15:51:40.547'),(5,'192.168.43.14','2020-05-22 13:40:27.317','2020-07-24 15:51:40.547'),(3,'192.168.43.14','2020-05-22 13:42:13.073','2020-05-26 17:40:23.669'),(5,'192.168.43.14','2020-05-22 13:44:10.991','2020-07-24 15:51:40.547'),(5,'192.168.43.14','2020-05-22 13:44:14.432','2020-07-24 15:51:40.547'),(5,'192.168.43.14','2020-05-22 13:44:58.572','2020-07-24 15:51:40.547'),(3,'192.168.43.14','2020-05-22 13:45:11.543','2020-05-26 17:40:23.669'),(5,'192.168.43.14','2020-05-22 13:51:49.902','2020-07-24 15:51:40.547'),(1,'192.168.43.14','2020-05-22 13:53:14.161','2020-07-24 15:48:15.861'),(5,'192.168.43.14','2020-05-22 13:53:48.771','2020-07-24 15:51:40.547'),(1,'192.168.43.14','2020-05-22 13:54:08.793','2020-07-24 15:48:15.861'),(5,'192.168.43.14','2020-05-22 13:54:31.513','2020-07-24 15:51:40.547'),(6,'192.168.43.14','2020-05-22 14:00:02.269',NULL),(5,'192.168.43.14','2020-05-22 14:07:56.418','2020-07-24 15:51:40.547'),(5,'192.168.43.14','2020-05-22 14:08:24.126','2020-07-24 15:51:40.547'),(5,'192.168.43.14','2020-05-22 14:08:53.069','2020-07-24 15:51:40.547'),(5,'192.168.43.14','2020-05-22 14:09:24.951','2020-07-24 15:51:40.547'),(5,'192.168.43.14','2020-05-22 14:09:35.69','2020-07-24 15:51:40.547'),(5,'192.168.43.14','2020-05-22 14:11:07.436','2020-07-24 15:51:40.547'),(5,'192.168.43.14','2020-05-22 14:18:20.082','2020-07-24 15:51:40.547'),(5,'192.168.43.14','2020-05-22 14:20:14.074','2020-07-24 15:51:40.547'),(5,'192.168.43.14','2020-05-22 14:44:39.408','2020-07-24 15:51:40.547'),(5,'192.168.43.14','2020-05-22 14:45:08.177','2020-07-24 15:51:40.547'),(5,'192.168.43.14','2020-05-22 14:45:29.023','2020-07-24 15:51:40.547'),(5,'192.168.43.14','2020-05-22 14:48:38.046','2020-07-24 15:51:40.547'),(5,'192.168.43.14','2020-05-22 14:50:53.522','2020-07-24 15:51:40.547'),(5,'192.168.43.14','2020-05-22 14:54:02.544','2020-07-24 15:51:40.547'),(5,'192.168.43.14','2020-05-22 14:55:11.099','2020-07-24 15:51:40.547'),(5,'192.168.43.14','2020-05-22 15:00:00.477','2020-07-24 15:51:40.547'),(5,'192.168.43.14','2020-05-22 15:01:19.71','2020-07-24 15:51:40.547'),(5,'192.168.43.14','2020-05-22 15:09:13.92','2020-07-24 15:51:40.547'),(5,'192.168.43.14','2020-05-22 15:10:04.024','2020-07-24 15:51:40.547'),(5,'192.168.43.14','2020-05-22 15:13:22.671','2020-07-24 15:51:40.547'),(5,'192.168.43.14','2020-05-22 15:16:29.575','2020-07-24 15:51:40.547'),(5,'192.168.43.14','2020-05-22 15:21:36.548','2020-07-24 15:51:40.547'),(5,'192.168.43.14','2020-05-22 15:24:52.906','2020-07-24 15:51:40.547'),(5,'192.168.43.14','2020-05-22 15:28:16.418','2020-07-24 15:51:40.547'),(5,'192.168.43.14','2020-05-22 15:38:05.764','2020-07-24 15:51:40.547'),(5,'192.168.43.14','2020-05-22 15:43:21.876','2020-07-24 15:51:40.547'),(5,'192.168.43.14','2020-05-22 15:44:34.464','2020-07-24 15:51:40.547'),(5,'192.168.43.14','2020-05-22 15:55:14.019','2020-07-24 15:51:40.547'),(3,'192.168.43.14','2020-05-22 15:55:18.8','2020-05-26 17:40:23.669'),(3,'192.168.43.14','2020-05-22 15:56:51.824','2020-05-26 17:40:23.669'),(3,'192.168.43.14','2020-05-22 15:58:37.946','2020-05-26 17:40:23.669'),(5,'192.168.43.14','2020-05-22 15:58:46.72','2020-07-24 15:51:40.547'),(3,'192.168.43.14','2020-05-22 16:01:21.421','2020-05-26 17:40:23.669'),(3,'192.168.43.14','2020-05-22 16:02:08.232','2020-05-26 17:40:23.669'),(5,'192.168.43.14','2020-05-22 16:02:27.351','2020-07-24 15:51:40.547'),(5,'192.168.43.14','2020-05-22 16:02:43.435','2020-07-24 15:51:40.547'),(3,'192.168.43.14','2020-05-22 16:03:53.635','2020-05-26 17:40:23.669'),(3,'192.168.43.14','2020-05-22 16:04:28.182','2020-05-26 17:40:23.669'),(3,'192.168.43.14','2020-05-22 16:05:04.558','2020-05-26 17:40:23.669'),(5,'192.168.43.14','2020-05-22 16:05:24.537','2020-07-24 15:51:40.547'),(3,'192.168.43.14','2020-05-22 16:06:07.389','2020-05-26 17:40:23.669'),(5,'192.168.43.14','2020-05-22 16:07:17.804','2020-07-24 15:51:40.547'),(3,'192.168.43.14','2020-05-22 16:07:50.428','2020-05-26 17:40:23.669'),(5,'192.168.43.14','2020-05-22 16:08:33.854','2020-07-24 15:51:40.547'),(5,'192.168.43.14','2020-05-22 16:08:44.836','2020-07-24 15:51:40.547'),(5,'192.168.43.14','2020-05-22 16:09:38.639','2020-07-24 15:51:40.547'),(3,'192.168.43.14','2020-05-22 16:10:36.538','2020-05-26 17:40:23.669'),(3,'192.168.43.14','2020-05-22 16:11:10.247','2020-05-26 17:40:23.669'),(5,'192.168.43.14','2020-05-22 16:12:40.228','2020-07-24 15:51:40.547'),(3,'192.168.43.14','2020-05-22 16:13:06.354','2020-05-26 17:40:23.669'),(5,'192.168.43.14','2020-05-22 16:13:12.335','2020-07-24 15:51:40.547'),(5,'192.168.43.14','2020-05-22 16:14:11.062','2020-07-24 15:51:40.547'),(3,'192.168.43.14','2020-05-22 16:14:12.4','2020-05-26 17:40:23.669'),(5,'192.168.43.14','2020-05-22 16:15:31.953','2020-07-24 15:51:40.547'),(3,'192.168.43.14','2020-05-22 16:16:02.453','2020-05-26 17:40:23.669'),(5,'192.168.43.14','2020-05-22 16:16:20.862','2020-07-24 15:51:40.547'),(3,'192.168.43.14','2020-05-22 16:18:25.632','2020-05-26 17:40:23.669'),(5,'192.168.43.14','2020-05-22 16:19:41.499','2020-07-24 15:51:40.547'),(3,'192.168.43.14','2020-05-22 16:19:54.874','2020-05-26 17:40:23.669'),(5,'192.168.43.14','2020-05-22 16:22:37.019','2020-07-24 15:51:40.547'),(5,'192.168.43.14','2020-05-22 16:23:13.713','2020-07-24 15:51:40.547'),(3,'192.168.43.14','2020-05-22 17:43:54.222','2020-05-26 17:40:23.669'),(1,'localhost','2020-05-26 17:10:17.675','2020-07-24 15:48:15.861'),(1,'localhost','2020-05-26 17:18:02.071','2020-07-24 15:48:15.861'),(1,'localhost','2020-05-26 17:19:44.338','2020-07-24 15:48:15.861'),(5,'192.168.43.14','2020-05-26 17:24:24.959','2020-07-24 15:51:40.547'),(5,'192.168.43.14','2020-05-26 17:27:17.209','2020-07-24 15:51:40.547'),(3,'192.168.43.14','2020-05-26 17:30:34.909','2020-05-26 17:40:23.669'),(5,'192.168.43.14','2020-05-26 17:43:15.517','2020-07-24 15:51:40.547'),(5,'192.168.43.14','2020-05-26 17:43:40.692','2020-07-24 15:51:40.547'),(5,'192.168.43.14','2020-05-26 17:46:45.633','2020-07-24 15:51:40.547'),(5,'192.168.43.14','2020-05-26 17:47:17.943','2020-07-24 15:51:40.547'),(5,'192.168.43.14','2020-05-26 17:59:47.358','2020-07-24 15:51:40.547'),(5,'192.168.43.14','2020-05-26 18:07:29.542','2020-07-24 15:51:40.547'),(1,'localhost','2020-05-26 18:49:33.193','2020-07-24 15:48:15.861'),(1,'localhost','2020-05-26 18:52:27.797','2020-07-24 15:48:15.861'),(1,'localhost','2020-05-26 18:55:31.813','2020-07-24 15:48:15.861'),(1,'localhost','2020-05-26 19:10:16.845','2020-07-24 15:48:15.861'),(1,'localhost','2020-05-26 19:13:07.17','2020-07-24 15:48:15.861'),(1,'localhost','2020-05-26 19:28:59.951','2020-07-24 15:48:15.861'),(1,'localhost','2020-05-26 19:44:27.524','2020-07-24 15:48:15.861'),(7,'192.168.43.14','2020-07-21 17:21:42.719','2020-07-25 13:40:28.154'),(5,'192.168.43.14','2020-07-21 17:24:23.53','2020-07-24 15:51:40.547'),(5,'192.168.43.14','2020-07-21 17:34:23.632','2020-07-24 15:51:40.547'),(5,'192.168.43.14','2020-07-21 17:47:18.117','2020-07-24 15:51:40.547'),(5,'192.168.43.14','2020-07-21 17:49:31.805','2020-07-24 15:51:40.547'),(8,'192.168.43.14','2020-07-22 19:53:00.109',NULL),(9,'192.168.43.14','2020-07-22 19:59:33.964',NULL),(1,'192.168.43.14','2020-07-24 15:15:48.619','2020-07-24 15:48:15.861'),(1,'192.168.43.14','2020-07-24 15:22:59.396','2020-07-24 15:48:15.861'),(5,'192.168.43.14','2020-07-24 15:25:22.93','2020-07-24 15:51:40.547'),(5,'192.168.43.14','2020-07-24 15:33:44.926','2020-07-24 15:51:40.547'),(1,'192.168.43.14','2020-07-24 15:34:56.581','2020-07-24 15:48:15.861'),(5,'192.168.43.14','2020-07-24 15:35:20.888','2020-07-24 15:51:40.547'),(5,'192.168.43.14','2020-07-24 15:47:59.921','2020-07-24 15:51:40.547'),(1,'192.168.43.14','2020-07-24 15:48:11.792','2020-07-24 15:48:15.861'),(5,'192.168.43.14','2020-07-24 15:48:25.257','2020-07-24 15:51:40.547'),(5,'192.168.43.14','2020-07-24 15:49:34.794','2020-07-24 15:51:40.547'),(1,'192.168.43.14','2020-07-24 15:58:44.066',NULL),(7,'192.168.43.14','2020-07-25 13:40:26.398','2020-07-25 13:40:28.154');
/*!40000 ALTER TABLE `PlayerHasDevice` ENABLE KEYS */;
UNLOCK TABLES;

--
-- Table structure for table `test`
--

DROP TABLE IF EXISTS `test`;
/*!40101 SET @saved_cs_client     = @@character_set_client */;
/*!40101 SET character_set_client = utf8 */;
CREATE TABLE `test` (
  `id` int(10) unsigned NOT NULL AUTO_INCREMENT,
  `timestmp` timestamp NOT NULL DEFAULT CURRENT_TIMESTAMP ON UPDATE CURRENT_TIMESTAMP,
  PRIMARY KEY (`id`)
) ENGINE=InnoDB DEFAULT CHARSET=latin1;
/*!40101 SET character_set_client = @saved_cs_client */;

--
-- Dumping data for table `test`
--

LOCK TABLES `test` WRITE;
/*!40000 ALTER TABLE `test` DISABLE KEYS */;
/*!40000 ALTER TABLE `test` ENABLE KEYS */;
UNLOCK TABLES;

--
-- Table structure for table `user`
--

DROP TABLE IF EXISTS `user`;
/*!40101 SET @saved_cs_client     = @@character_set_client */;
/*!40101 SET character_set_client = utf8 */;
CREATE TABLE `user` (
  `name` varchar(20) DEFAULT NULL,
  `password` varchar(20) DEFAULT NULL,
  `ip` varchar(20) DEFAULT NULL,
  `time` time DEFAULT NULL,
  `date` date DEFAULT NULL,
  UNIQUE KEY `name` (`name`)
) ENGINE=InnoDB DEFAULT CHARSET=latin1;
/*!40101 SET character_set_client = @saved_cs_client */;

--
-- Dumping data for table `user`
--

LOCK TABLES `user` WRITE;
/*!40000 ALTER TABLE `user` DISABLE KEYS */;
/*!40000 ALTER TABLE `user` ENABLE KEYS */;
UNLOCK TABLES;
/*!40103 SET TIME_ZONE=@OLD_TIME_ZONE */;

/*!40101 SET SQL_MODE=@OLD_SQL_MODE */;
/*!40014 SET FOREIGN_KEY_CHECKS=@OLD_FOREIGN_KEY_CHECKS */;
/*!40014 SET UNIQUE_CHECKS=@OLD_UNIQUE_CHECKS */;
/*!40101 SET CHARACTER_SET_CLIENT=@OLD_CHARACTER_SET_CLIENT */;
/*!40101 SET CHARACTER_SET_RESULTS=@OLD_CHARACTER_SET_RESULTS */;
/*!40101 SET COLLATION_CONNECTION=@OLD_COLLATION_CONNECTION */;
/*!40111 SET SQL_NOTES=@OLD_SQL_NOTES */;

-- Dump completed on 2020-08-02 19:45:04
